Above_65,AtOrBelow_65,AttritionRate_Above_65,AttritionRate_AtOrBelow_65,Count
838,838,11.217183770883054,12.529832935560858,1676