JobSatisfaction,TotalEmployees,AttritionCount,NonAttritionCount,PercentAttrition
1,329,52,277,15.805471124620061
2,310,42,268,13.548387096774196
3,507,60,447,11.834319526627219
4,530,45,485,8.49056603773585